ThreadPoolSize,TotalMessages,TotalTime,Throughput
1,1500,37.405930519104004,39.332481341347275
5,1500,35.88788366317749,43.187561518383184
10,1500,32.54886770248413,47.54528796866745
20,1500,30.468499183654785,49.231174497912065
50,1500,33.14920210838318,45.752560436182
100,1500,35.14920210838318,43.752560436182
